id	id_directory	characteristic_id	value_ua	value_ru	sort_order	parent_option_id	created_at
opt-000001		char-000001	Шоколад	Шоколад	10		2026-03-02T00:00:00.000Z
opt-000002		char-000001	Полуниця	Клубника	20		2026-03-02T00:00:00.000Z
opt-000003		char-000001	Ваніль	Ваниль	30		2026-03-02T00:00:00.000Z
opt-000004		char-000001	Банан	Банан	40		2026-03-02T00:00:00.000Z
opt-000005		char-000001	Апельсин	Апельсин	50		2026-03-02T00:00:00.000Z
opt-000006		char-000001	Ананас	Ананас	60		2026-03-02T00:00:00.000Z
opt-000007		char-000001	Малина	Малина	70		2026-03-02T00:00:00.000Z
opt-000008		char-000001	Вишня	Вишня	80		2026-03-02T00:00:00.000Z
opt-000009		char-000001	Кокос	Кокос	90		2026-03-02T00:00:00.000Z
opt-000010		char-000001	Лимон	Лимон	100		2026-03-02T00:00:00.000Z
opt-000011		char-000001	Манго	Манго	110		2026-03-02T00:00:00.000Z
opt-000012		char-000001	Арбуз	Арбуз	120		2026-03-02T00:00:00.000Z
opt-000013		char-000001	Капучіно	Капучино	130		2026-03-02T00:00:00.000Z
opt-000014		char-000001	Какао	Какао	140		2026-03-02T00:00:00.000Z
opt-000015		char-000001	Кава	Кофе	150		2026-03-02T00:00:00.000Z
opt-000016		char-000001	М'ята	Мята	160		2026-03-02T00:00:00.000Z
opt-000017		char-000001	Виноград	Виноград	170		2026-03-02T00:00:00.000Z
opt-000018		char-000001	Груша	Груша	180		2026-03-02T00:00:00.000Z
opt-000019		char-000001	Диня	Дыня	190		2026-03-02T00:00:00.000Z
opt-000020		char-000001	Персик	Персик	200		2026-03-02T00:00:00.000Z
opt-000021		char-000001	Яблуко	Яблоко	210		2026-03-02T00:00:00.000Z
opt-000022		char-000001	Лайм	Лайм	220		2026-03-02T00:00:00.000Z
opt-000023		char-000001	Грейпфрут	Грейпфрут	230		2026-03-02T00:00:00.000Z
opt-000024		char-000001	Маракуя	Маракуйя	240		2026-03-02T00:00:00.000Z
opt-000025		char-000001	Абрикос	Абрикос	250		2026-03-02T00:00:00.000Z
opt-000026		char-000001	Ожина	Ежевика	260		2026-03-02T00:00:00.000Z
opt-000027		char-000001	Черешня	Черешня	270		2026-03-02T00:00:00.000Z
opt-000028		char-000001	Чорниця	Черника	280		2026-03-02T00:00:00.000Z
opt-000029		char-000001	Смородина	Смородина	290		2026-03-02T00:00:00.000Z
opt-000030		char-000001	Журавлина	Клюква	300		2026-03-02T00:00:00.000Z
opt-000031		char-000001	Суниця	Земляника	310		2026-03-02T00:00:00.000Z
opt-000032		char-000001	Карамель	Карамель	320		2026-03-02T00:00:00.000Z
opt-000033		char-000001	Солона карамель	Соленая карамель	330		2026-03-02T00:00:00.000Z
opt-000034		char-000001	Арахіс-Какао	Арахис-Какао	340		2026-03-02T00:00:00.000Z
opt-000035		char-000001	Арахіс-Карамель	Арахис-Карамель	350		2026-03-02T00:00:00.000Z
opt-000036		char-000001	Ваніль-Карамель	Ваниль-Карамель	360		2026-03-02T00:00:00.000Z
opt-000037		char-000001	Шоколад-Апельсин	Шоколад-Апельсин	370		2026-03-02T00:00:00.000Z
opt-000038		char-000001	Шоколад-Карамель	Шоколад-Карамель	380		2026-03-02T00:00:00.000Z
opt-000039		char-000001	Шоколад-Фундук	Шоколад-Фундук	390		2026-03-02T00:00:00.000Z
opt-000040		char-000001	Вишня-Шоколад	Вишня-Шоколад	400		2026-03-02T00:00:00.000Z
opt-000041		char-000001	Кокос-Манго	Кокос-Манго	410		2026-03-02T00:00:00.000Z
opt-000042		char-000001	Кава-Шоколад	Кофе-Шоколад	420		2026-03-02T00:00:00.000Z
opt-000043		char-000001	Лимон-М'ята	Лимон-Мята	430		2026-03-02T00:00:00.000Z
opt-000044		char-000001	Малина-Журавлина	Малина-Клюква	440		2026-03-02T00:00:00.000Z
opt-000045		char-000001	Чорниця-Малина	Черника-Малина	450		2026-03-02T00:00:00.000Z
opt-000046		char-000001	Полуниця з вершками	Клубника со сливками	460		2026-03-02T00:00:00.000Z
opt-000047		char-000001	Молочний шоколад	Молочный шоколад	470		2026-03-02T00:00:00.000Z
opt-000048		char-000001	Білий шоколад	Белый шоколад	480		2026-03-02T00:00:00.000Z
opt-000049		char-000001	Мокачіно	Мокачино	490		2026-03-02T00:00:00.000Z
opt-000050		char-000001	Горіх	Орех	500		2026-03-02T00:00:00.000Z
opt-000051		char-000001	Фундук	Фундук	510		2026-03-02T00:00:00.000Z
opt-000052		char-000001	Мигдаль	Миндаль	520		2026-03-02T00:00:00.000Z
opt-000053		char-000001	Кеш'ю	Кешью	530		2026-03-02T00:00:00.000Z
opt-000054		char-000001	Фісташка	Фисташка	540		2026-03-02T00:00:00.000Z
opt-000055		char-000001	Лісовий горіх	Лесной орех	550		2026-03-02T00:00:00.000Z
opt-000056		char-000001	Горіхи-Сухофрукти	Орехи-Сухофрукты	560		2026-03-02T00:00:00.000Z
opt-000057		char-000001	Печиво	Печенье	570		2026-03-02T00:00:00.000Z
opt-000058		char-000001	Мигдальний кекс	Миндальный кекс	580		2026-03-02T00:00:00.000Z
opt-000059		char-000001	Сникерс	Сникерс	590		2026-03-02T00:00:00.000Z
opt-000060		char-000001	Трюфель	Труфалье	600		2026-03-02T00:00:00.000Z
opt-000061		char-000001	Кола	Кола	610		2026-03-02T00:00:00.000Z
opt-000062		char-000001	Фрукти	Фрукты	620		2026-03-02T00:00:00.000Z
opt-000063		char-000001	Фруктовий пунш	Фруктовый пунш	630		2026-03-02T00:00:00.000Z
opt-000064		char-000001	Фруктовий лимонад	Фруктовый лимонад	640		2026-03-02T00:00:00.000Z
opt-000065		char-000001	Малиновий лимонад	Малиновый лимонад	650		2026-03-02T00:00:00.000Z
opt-000066		char-000001	Лимонад	Лимонад	660		2026-03-02T00:00:00.000Z
opt-000067		char-000001	Лайм-Кактус	Лайм-Кактус	670		2026-03-02T00:00:00.000Z
opt-000068		char-000001	Манго-Матча	Манго-Матча	680		2026-03-02T00:00:00.000Z
opt-000069		char-000001	Смородина-Йогурт	Смородина-Йогурт	690		2026-03-02T00:00:00.000Z
opt-000070		char-000001	Фундук-Фінік	Фундук-Финик	700		2026-03-02T00:00:00.000Z
opt-000071		char-000001	Спеції	Специи	710		2026-03-02T00:00:00.000Z
opt-000072		char-000001	Мюслі	Мюсли	720		2026-03-02T00:00:00.000Z
opt-000073		char-000001	Кетчуп	Кетчуп	730		2026-03-02T00:00:00.000Z
opt-000074		char-000001	Конфета	Конфета	740		2026-03-02T00:00:00.000Z
opt-000075		char-000001	Ягоди	Ягоды	750		2026-03-02T00:00:00.000Z
opt-000076		char-000001	Банан-Яблуко	Банан-Яблоко	760		2026-03-02T00:00:00.000Z
opt-000077		char-000001	Яблуко-Вишня	Яблоко-Вишня	770		2026-03-02T00:00:00.000Z
opt-000078		char-000001	Шоколад-Фрукти-Горіхи	Шоколад-Фрукты-Орехи	780		2026-03-02T00:00:00.000Z
opt-000079		char-000001	Без смаку	Без вкуса	790		2026-03-02T00:00:00.000Z
opt-000080		char-000001	Miami Vibes	Miami Vibes	800		2026-03-02T00:00:00.000Z
opt-000081		char-000001	Грецький горіх	Грецкий орех	810		2026-03-02T00:00:00.000Z
opt-000082		char-000001	Пекан-Грецький горіх	Пекан-Грецкий орех	820		2026-03-02T00:00:00.000Z
opt-000083		char-000002	Порошок	Порошок	10		2026-03-02T00:00:00.000Z
opt-000084		char-000002	Таблетки	Таблетки	20		2026-03-02T00:00:00.000Z
opt-000085		char-000002	Капсули	Капсулы	30		2026-03-02T00:00:00.000Z
opt-000086		char-000002	Вегакапсули	Вегакапсулы	40		2026-03-02T00:00:00.000Z
opt-000087		char-000002	Каплети	Каплеты	50		2026-03-02T00:00:00.000Z
opt-000088		char-000002	Рідина	Жидкость	60		2026-03-02T00:00:00.000Z
opt-000089		char-000002	Пастилки	Пастилки	70		2026-03-02T00:00:00.000Z
opt-000090		char-000002	Краплі	Капли	80		2026-03-02T00:00:00.000Z
opt-000091		char-000002	Спрей	Спрей	90		2026-03-02T00:00:00.000Z
opt-000092		char-000002	Пакетики	Пакетики	100		2026-03-02T00:00:00.000Z
opt-000093		char-000002	Шипучі таблетки	Шипучие таблетки	110		2026-03-02T00:00:00.000Z
opt-000094		char-000002	Жувальні таблетки	Жевательные таблетки	120		2026-03-02T00:00:00.000Z
opt-000095		char-000002	Желейки	Желейки	130		2026-03-02T00:00:00.000Z
opt-000096		char-000002	Цукерки	Конфеты	140		2026-03-02T00:00:00.000Z
opt-000097		char-000002	Батончик	Батончик	150		2026-03-02T00:00:00.000Z
opt-000098		char-000002	Печиво	Печенье	160		2026-03-02T00:00:00.000Z
opt-000099		char-000002	Паста	Паста	170		2026-03-02T00:00:00.000Z
opt-000100		char-000002	Крем	Крем	180		2026-03-02T00:00:00.000Z
opt-000101		char-000002	Гель	Гель	190		2026-03-02T00:00:00.000Z
opt-000102		char-000002	Соус	Соус	200		2026-03-02T00:00:00.000Z
opt-000103		char-000002	Джем	Джем	210		2026-03-02T00:00:00.000Z
opt-000104		char-000002	Сироп	Сироп	220		2026-03-02T00:00:00.000Z
opt-000105		char-000002	Крупа	Крупа	230		2026-03-02T00:00:00.000Z
opt-000106		char-000002	Капсули + таблетки	Капсулы + таблетки	240		2026-03-02T00:00:00.000Z
opt-000107		char-000002	Гранули	Гранулы	250		2026-03-02T00:00:00.000Z
opt-000108		char-000002	Олія	Масло	260		2026-03-02T00:00:00.000Z
opt-000109		char-000003	Австралія	Австралия	10		2026-03-02T00:00:00.000Z
opt-000110		char-000003	Австрія	Австрия	20		2026-03-02T00:00:00.000Z
opt-000111		char-000003	Бангладеш	Бангладеш	30		2026-03-02T00:00:00.000Z
opt-000112		char-000003	Бельгія	Бельгия	40		2026-03-02T00:00:00.000Z
opt-000113		char-000003	Великобританія	Великобритания	50		2026-03-02T00:00:00.000Z
opt-000114		char-000003	Домініканська Республіка	Доминиканская Республика	60		2026-03-02T00:00:00.000Z
opt-000115		char-000003	Єгипет	Египет	70		2026-03-02T00:00:00.000Z
opt-000116		char-000003	Індія	Индия	80		2026-03-02T00:00:00.000Z
opt-000117		char-000003	Ірландія	Ирландия	90		2026-03-02T00:00:00.000Z
opt-000118		char-000003	Іспанія	Испания	100		2026-03-02T00:00:00.000Z
opt-000119		char-000003	Ісландія	Исландия	110		2026-03-02T00:00:00.000Z
opt-000120		char-000003	Італія	Италия	120		2026-03-02T00:00:00.000Z
opt-000121		char-000003	Канада	Канада	130		2026-03-02T00:00:00.000Z
opt-000122		char-000003	Китай	Китай	140		2026-03-02T00:00:00.000Z
opt-000123		char-000003	Латвія	Латвия	150		2026-03-02T00:00:00.000Z
opt-000124		char-000003	Нова Зеландія	Новая Зеландия	160		2026-03-02T00:00:00.000Z
opt-000125		char-000003	Німеччина	Германия	170		2026-03-02T00:00:00.000Z
opt-000126		char-000003	Пакистан	Пакистан	180		2026-03-02T00:00:00.000Z
opt-000127		char-000003	Польща	Польша	190		2026-03-02T00:00:00.000Z
opt-000128		char-000003	Португалія	Португалия	200		2026-03-02T00:00:00.000Z
opt-000129		char-000003	Румунія	Румыния	210		2026-03-02T00:00:00.000Z
opt-000130		char-000003	Словаччина	Словакия	220		2026-03-02T00:00:00.000Z
opt-000131		char-000003	США	США	230		2026-03-02T00:00:00.000Z
opt-000132		char-000003	Туреччина	Турция	240		2026-03-02T00:00:00.000Z
opt-000133		char-000003	Угорщина	Венгрия	250		2026-03-02T00:00:00.000Z
opt-000134		char-000003	Україна	Украина	260		2026-03-02T00:00:00.000Z
opt-000135		char-000003	Чехія	Чехия	270		2026-03-02T00:00:00.000Z
opt-000136		char-000003	Швеція	Швеция	280		2026-03-02T00:00:00.000Z
opt-000137		char-000003	Європа	Европа	290		2026-03-02T00:00:00.000Z
opt-000138		char-000003	Євросоюз	Евросоюз	300		2026-03-02T00:00:00.000Z
opt-000139		char-000004	Жіноча	Женский	10		2026-03-02T00:00:00.000Z
opt-000140		char-000004	Чоловіча	Мужской	20		2026-03-02T00:00:00.000Z
opt-000141		char-000005	Дитячі	Детские	10		2026-03-02T00:00:00.000Z
opt-000142		char-000005	Дорослі	Взрослые	20		2026-03-02T00:00:00.000Z
opt-000143		char-000005	Підліткові	Подростковые	30		2026-03-02T00:00:00.000Z
opt-000144		char-000006	Без цукру	Без сахара	10		2026-03-02T00:00:00.000Z
opt-000145		char-000006	Без лактози	Без лактозы	20		2026-03-02T00:00:00.000Z
opt-000146		char-000006	Без глютену	Без глютена	30		2026-03-02T00:00:00.000Z
opt-000147		char-000006	Не містить ГМО	Не содержит ГМО	40		2026-03-02T00:00:00.000Z
opt-000148		char-000006	Для вегетаріанців	Для вегетарианцев	50		2026-03-02T00:00:00.000Z
opt-000149		char-000006	Для веганів	Для веганов	60		2026-03-02T00:00:00.000Z
opt-000150		char-000006	Без аспартаму	Без аспартама	70		2026-03-02T00:00:00.000Z
opt-000151		char-000007	Антиоксиданти	Антиоксиданты	10		2026-03-02T00:00:00.000Z
opt-000152		char-000007	Венотоніки	Венотоники	20		2026-03-02T00:00:00.000Z
opt-000153		char-000007	Для імунної системи	Для иммунной системы	30		2026-03-02T00:00:00.000Z
opt-000154		char-000007	Для шкіри, волосся та нігтів	Для кожи волос и ногтей	40		2026-03-02T00:00:00.000Z
opt-000155		char-000007	Для мікрофлори	Для микрофлоры	50		2026-03-02T00:00:00.000Z
opt-000156		char-000007	Для мозку	Для мозга	60		2026-03-02T00:00:00.000Z
opt-000157		char-000007	Для набору м'язової маси	Для набора мышечной массы	70		2026-03-02T00:00:00.000Z
opt-000158		char-000007	Для нервової системи	Для нервной системы	80		2026-03-02T00:00:00.000Z
opt-000159		char-000007	Для загального відновлення	Для общего восстановления	90		2026-03-02T00:00:00.000Z
opt-000160		char-000007	Для загального оздоровлення	Для общего оздоровления	100		2026-03-02T00:00:00.000Z
opt-000161		char-000007	Для опорно-рухового апарату	Для опорно-двигательного аппарата	110		2026-03-02T00:00:00.000Z
opt-000162		char-000007	Для органів зору	Для органов зрения	120		2026-03-02T00:00:00.000Z
opt-000163		char-000007	Для очищення організму	Для очистки организма	130		2026-03-02T00:00:00.000Z
opt-000164		char-000007	Для травлення	Для пищеварения	140		2026-03-02T00:00:00.000Z
opt-000165		char-000007	Для підвищення витривалості	Для повышения выносливости	150		2026-03-02T00:00:00.000Z
opt-000166		char-000007	Для підвищення тестостерону	Для повышения тестостерона	160		2026-03-02T00:00:00.000Z
opt-000167		char-000007	Для репродуктивної системи	Для репродуктивной системы	170		2026-03-02T00:00:00.000Z
opt-000168		char-000007	Для серцево-судинної системи	Для сердечно-сосудистой системы	180		2026-03-02T00:00:00.000Z
opt-000169		char-000007	Для зниження ваги	Для снижения веса	190		2026-03-02T00:00:00.000Z
opt-000170		char-000007	Для суглобів і зв'язок	Для суставов и связок	200		2026-03-02T00:00:00.000Z
opt-000171		char-000007	Для сушіння тіла	Для сушки тела	210		2026-03-02T00:00:00.000Z
opt-000172		char-000007	Для покращення сну	Для улучшения сна	220		2026-03-02T00:00:00.000Z
opt-000173		char-000007	Для прискорення метаболізму	Для ускорения метаболизма	230		2026-03-02T00:00:00.000Z
opt-000174		char-000007	Для енергії та бадьорості	Для энергии и бодрости	240		2026-03-02T00:00:00.000Z
opt-000175		char-000007	При алергії	При аллергии	250		2026-03-02T00:00:00.000Z
opt-000176		char-000007	Для активного довголіття	Для активного долголетия	260		2026-03-02T00:00:00.000Z
opt-000177		char-000007	Для внутрішніх органів	Для внутренних органов	270		2026-03-02T00:00:00.000Z
opt-000178		char-000007	Для годуючих	Для кормящих	280		2026-03-02T00:00:00.000Z
opt-000179		char-000007	Для зондового харчування	Для зондового питания	290		2026-03-02T00:00:00.000Z
opt-000180		char-000008	Q10	Q10	10		2026-03-02T00:00:00.000Z
opt-000181		char-000008	Альфа-ліпоєва кислота	Альфа-липоевая кислота	20		2026-03-02T00:00:00.000Z
opt-000182		char-000008	Аланін	Аланин	30		2026-03-02T00:00:00.000Z
opt-000183		char-000008	Аргінін	Аргирин	40		2026-03-02T00:00:00.000Z
opt-000184		char-000008	Вітаміни	Витамины	50		2026-03-02T00:00:00.000Z
opt-000185		char-000008	Мінерали	Минералы	60		2026-03-02T00:00:00.000Z
opt-000186		char-000008	HMB	Гидроксиметилбутират (HMB)	70		2026-03-02T00:00:00.000Z
opt-000187		char-000008	Глютамін	Глютамин	80		2026-03-02T00:00:00.000Z
opt-000188		char-000008	Кофеїн	Кофеин	90		2026-03-02T00:00:00.000Z
opt-000189		char-000008	Креатин	Креатин	100		2026-03-02T00:00:00.000Z
opt-000190		char-000008	Лізин	Лизин	110		2026-03-02T00:00:00.000Z
opt-000191		char-000008	Мелатонін	Мелатонин	120		2026-03-02T00:00:00.000Z
opt-000192		char-000008	Орнітин	Орнитин	130		2026-03-02T00:00:00.000Z
opt-000193		char-000008	Таурин	Таурин	140		2026-03-02T00:00:00.000Z
opt-000194		char-000008	Цитрулін	Цитруллин	150		2026-03-02T00:00:00.000Z
opt-000195		char-000008	BCAA	BCAA	160		2026-03-02T00:00:00.000Z
opt-000196		char-000008	Амінокислоти	Аминокислоты	170		2026-03-02T00:00:00.000Z
opt-000197		char-000008	Карнітин	Карнитин	180		2026-03-02T00:00:00.000Z
opt-000198		char-000008	Колаген	Коллаген	190		2026-03-02T00:00:00.000Z
opt-000199		char-000008	Омега жири	Омега жиры	200		2026-03-02T00:00:00.000Z
opt-000200		char-000008	Травні ферменти	Пищеварительные ферменты	210		2026-03-02T00:00:00.000Z
opt-000201		char-000008	Пробіотики	Пробиотики	220		2026-03-02T00:00:00.000Z
opt-000202		char-000008	Шипшина	Шиповник	230		2026-03-02T00:00:00.000Z
opt-000203		char-000008	Герань	Герань	240		2026-03-02T00:00:00.000Z
opt-000204		char-000008	D-аспарагінова кислота	D-аспарагиновая кислота	250		2026-03-02T00:00:00.000Z
opt-000205		char-000008	DMAE	DMAE	260		2026-03-02T00:00:00.000Z
opt-000206		char-000008	Трибулус	Трибулус террестрис	270		2026-03-02T00:00:00.000Z
opt-000207		char-000008	Екстракт чорного перцю	Экстракт черного перца	280		2026-03-02T00:00:00.000Z
opt-000208		char-000008	Синефрин	Синефрин	290		2026-03-02T00:00:00.000Z
opt-000209		char-000008	Глюкоманнан	Глюкоманнан	300		2026-03-02T00:00:00.000Z
opt-000210		char-000008	Метилсульфонілметан	Метилсульфонилметан	310		2026-03-02T00:00:00.000Z
opt-000211		char-000008	Гіалуронова кислота	Гиалуроновая кислота	320		2026-03-02T00:00:00.000Z
opt-000212		char-000009	до 1 кг	до 1 кг	10		2026-03-02T00:00:00.000Z
opt-000213		char-000009	від 1 кг до 3 кг	от 1 кг до 3 кг	20		2026-03-02T00:00:00.000Z
opt-000214		char-000009	більше 3 кг	более 3 кг	30		2026-03-02T00:00:00.000Z
opt-000215		char-000015	до 20	до 20	10		2026-03-02T00:00:00.000Z
opt-000216		char-000015	від 21 до 40	от 21 до 40	20		2026-03-02T00:00:00.000Z
opt-000217		char-000015	від 41 до 60	от 41 до 60	30		2026-03-02T00:00:00.000Z
opt-000218		char-000015	від 61 до 79	от 61 до 79	40		2026-03-02T00:00:00.000Z
opt-000219		char-000015	понад 80	свыше 80	50		2026-03-02T00:00:00.000Z
opt-000220		char-000017	до 20	до 20	10		2026-03-02T00:00:00.000Z
opt-000221		char-000017	від 21 до 40	от 21 до 40	20		2026-03-02T00:00:00.000Z
opt-000222		char-000017	від 41 до 60	от 41 до 60	30		2026-03-02T00:00:00.000Z
opt-000223		char-000017	від 61 до 79	от 61 до 79	40		2026-03-02T00:00:00.000Z
opt-000224		char-000017	понад 80	свыше 80	50		2026-03-02T00:00:00.000Z
opt-000225		char-000019	до 20	до 20	10		2026-03-02T00:00:00.000Z
opt-000226		char-000019	від 21 до 40	от 21 до 40	20		2026-03-02T00:00:00.000Z
opt-000227		char-000019	від 41 до 60	от 41 до 60	30		2026-03-02T00:00:00.000Z
opt-000228		char-000019	понад 61	свыше 61	40		2026-03-02T00:00:00.000Z
opt-000229		char-000022	Комплексні	Комплексные	10		2026-03-02T00:00:00.000Z
opt-000230		char-000022	Сироваткові	Сывороточные	20		2026-03-02T00:00:00.000Z
opt-000231		char-000022	Яловичі	Говяжие	30		2026-03-02T00:00:00.000Z
opt-000232		char-000022	Яєчні	Яичные	40		2026-03-02T00:00:00.000Z
opt-000233		char-000022	Молочні	Молочные	50		2026-03-02T00:00:00.000Z
opt-000234		char-000022	Казеїнові	Казеины	60		2026-03-02T00:00:00.000Z
opt-000235		char-000022	Міцелярні казеїни	Мицеллярные казеины	70		2026-03-02T00:00:00.000Z
opt-000236		char-000022	Горохові	Гороховые	80		2026-03-02T00:00:00.000Z
opt-000237		char-000022	Соєві	Соевые	90		2026-03-02T00:00:00.000Z
opt-000238		char-000022	Рисові	Рисовые	100		2026-03-02T00:00:00.000Z
opt-000239		char-000022	Конопляні	Конопляные	110		2026-03-02T00:00:00.000Z
opt-000240		char-000022	Пшеничні	Пшеничные	120		2026-03-02T00:00:00.000Z
opt-000241		char-000022	Гарбузові	Тыквеные	130		2026-03-02T00:00:00.000Z
opt-000242		char-000022	Рибні	Рыбные	140		2026-03-02T00:00:00.000Z
opt-000243		char-000022	Курячі	Куриные	150		2026-03-02T00:00:00.000Z
opt-000244		char-000023	Тваринний	Животный	10		2026-03-02T00:00:00.000Z
opt-000245		char-000023	Змішаний	Смешанный	20		2026-03-02T00:00:00.000Z
opt-000246		char-000023	Рослинний	Растительный	30		2026-03-02T00:00:00.000Z
opt-000247		char-000024	Комбінований	Комбинированный	10		2026-03-02T00:00:00.000Z
opt-000248		char-000024	Ізолят	Изолят	20		2026-03-02T00:00:00.000Z
opt-000249		char-000024	Концентрат	Концентрат	30		2026-03-02T00:00:00.000Z
opt-000250		char-000024	Гідролізат	Гидролизат	40		2026-03-02T00:00:00.000Z
opt-000251		char-000025	Швидко засвоюваний	Быстро усваиваемый	10		2026-03-02T00:00:00.000Z
opt-000252		char-000025	Довго засвоюваний	Долго усваиваемый	20		2026-03-02T00:00:00.000Z
opt-000253		char-000025	Середня швидкість засвоєння	Средняя скорость усвоения	30		2026-03-02T00:00:00.000Z
opt-000254		char-000026	Без вуглеводів	Без углеводов	10		2026-03-02T00:00:00.000Z
opt-000255		char-000026	Низьковуглеводні	Низкоуглеводные	20		2026-03-02T00:00:00.000Z
opt-000256		char-000026	Високовуглеводні	Высокоуглеводные	30		2026-03-02T00:00:00.000Z
opt-000257		char-000027	Високобілкові гейнери	Высокобелковые гейнеры	10		2026-03-02T00:00:00.000Z
opt-000258		char-000027	Високовуглеводні гейнери	Высокоуглеводные гейнеры	20		2026-03-02T00:00:00.000Z
opt-000259		char-000028	Комплексний	Комплексный	10		2026-03-02T00:00:00.000Z
opt-000260		char-000028	Яловичина	Говядина	20		2026-03-02T00:00:00.000Z
opt-000261		char-000028	Казеїн	Казеин	30		2026-03-02T00:00:00.000Z
opt-000262		char-000028	Молоко	Молоко	40		2026-03-02T00:00:00.000Z
opt-000263		char-000028	Соя	Соя	50		2026-03-02T00:00:00.000Z
opt-000264		char-000028	Сироватка	Сыворотка	60		2026-03-02T00:00:00.000Z
opt-000265		char-000028	Яйця	Яйца	70		2026-03-02T00:00:00.000Z
opt-000266		char-000028	Горох	Горох	80		2026-03-02T00:00:00.000Z
opt-000267		char-000028	На складних вуглеводах	На сложных углеводах	90		2026-03-02T00:00:00.000Z
opt-000268		char-000029	Комплексні	Комплексные	10		2026-03-02T00:00:00.000Z
opt-000269		char-000029	BCAA	BCAA	20		2026-03-02T00:00:00.000Z
opt-000270		char-000029	Аланін	Аланин	30		2026-03-02T00:00:00.000Z
opt-000271		char-000029	Аргінін	Аргинин	40		2026-03-02T00:00:00.000Z
opt-000272		char-000029	Бета-аланін	Бета-аланин	50		2026-03-02T00:00:00.000Z
opt-000273		char-000029	Бетаїн	Бетаин	60		2026-03-02T00:00:00.000Z
opt-000274		char-000029	Валін	Валин	70		2026-03-02T00:00:00.000Z
opt-000275		char-000029	Гістидин	Гистидин	80		2026-03-02T00:00:00.000Z
opt-000276		char-000029	Гліцин	Глицин	90		2026-03-02T00:00:00.000Z
opt-000277		char-000029	Глутамінова кислота	Глутаминовая кислота	100		2026-03-02T00:00:00.000Z
opt-000278		char-000029	Глутатіон	Глутатион	110		2026-03-02T00:00:00.000Z
opt-000279		char-000029	Глютамін	Глютамин	120		2026-03-02T00:00:00.000Z
opt-000280		char-000029	DMAE	Диметиламиноетанол	130		2026-03-02T00:00:00.000Z
opt-000281		char-000029	Ізолейцин	Изолейцин	140		2026-03-02T00:00:00.000Z
opt-000282		char-000029	Карнітин	Карнитин	150		2026-03-02T00:00:00.000Z
opt-000283		char-000029	Карнозин	Карнозин	160		2026-03-02T00:00:00.000Z
opt-000284		char-000029	Лейцин	Лейцин	170		2026-03-02T00:00:00.000Z
opt-000285		char-000029	Лецитин	Лецитин	180		2026-03-02T00:00:00.000Z
opt-000286		char-000029	Лізин	Лизин	190		2026-03-02T00:00:00.000Z
opt-000287		char-000029	Мелатонін	Мелатонин	200		2026-03-02T00:00:00.000Z
opt-000288		char-000029	Метіонін	Метионин	210		2026-03-02T00:00:00.000Z
opt-000289		char-000029	Окситриптан	Окситриптан	220		2026-03-02T00:00:00.000Z
opt-000290		char-000029	Орнітин	Орнитин	230		2026-03-02T00:00:00.000Z
opt-000291		char-000029	Пролін	Пролин	240		2026-03-02T00:00:00.000Z
opt-000292		char-000029	Серин	Серин	250		2026-03-02T00:00:00.000Z
opt-000293		char-000029	Таурин	Таурин	260		2026-03-02T00:00:00.000Z
opt-000294		char-000029	Теанін	Теанин	270		2026-03-02T00:00:00.000Z
opt-000295		char-000029	Тирозин	Тирозин	280		2026-03-02T00:00:00.000Z
opt-000296		char-000029	Треонін	Треонин	290		2026-03-02T00:00:00.000Z
opt-000297		char-000029	Триптофан	Триптофан	300		2026-03-02T00:00:00.000Z
opt-000298		char-000029	Фенілаланін	Фенилаланин	310		2026-03-02T00:00:00.000Z
opt-000299		char-000029	Цитрулін	Цитруллин	320		2026-03-02T00:00:00.000Z
opt-000300		char-000029	Цистеїн	Цистеин	330		2026-03-02T00:00:00.000Z
opt-000301		char-000029	5-HTP	5-HTP	340		2026-03-02T00:00:00.000Z
opt-000302		char-000029	GABA	GABA	350		2026-03-02T00:00:00.000Z
opt-000303		char-000029	HMB	HMB (гидроксиметилбутират)	360		2026-03-02T00:00:00.000Z
opt-000304		char-000029	D-аспарагінова кислота	D-аспарагиновая кислота	370		2026-03-02T00:00:00.000Z
opt-000305		char-000029	Диметилгліцин	Диметилглицин	380		2026-03-02T00:00:00.000Z
opt-000306		char-000030	BCAA 1:1:2	BCAA 1 1 2	10		2026-03-02T00:00:00.000Z
opt-000307		char-000030	BCAA 2:1:1	BCAA 2 1 1	20		2026-03-02T00:00:00.000Z
opt-000308		char-000030	BCAA 3:1:2	BCAA 3 1 2	30		2026-03-02T00:00:00.000Z
opt-000309		char-000030	BCAA 4:1:1	BCAA 4 1 1	40		2026-03-02T00:00:00.000Z
opt-000310		char-000030	BCAA 5:3:2	BCAA 5 3 2	50		2026-03-02T00:00:00.000Z
opt-000311		char-000030	BCAA 8:1:1	BCAA 8 1 1	60		2026-03-02T00:00:00.000Z
opt-000312		char-000030	BCAA 8:1:4	BCAA 8 1 4	70		2026-03-02T00:00:00.000Z
opt-000313		char-000030	BCAA 10:1:1	BCAA 10 1 1	80		2026-03-02T00:00:00.000Z
opt-000314		char-000030	BCAA 12:1:1	BCAA 12 1 1	90		2026-03-02T00:00:00.000Z
opt-000315		char-000030	BCAA 20:1:1	BCAA 20 1 1	100		2026-03-02T00:00:00.000Z
opt-000316		char-000031	Незамінні	Незаменимые	10		2026-03-02T00:00:00.000Z
opt-000317		char-000031	Замінні	Заменимые	20		2026-03-02T00:00:00.000Z
opt-000318		char-000032	Креатинова матриця	Креатиновая матрица	10		2026-03-02T00:00:00.000Z
opt-000319		char-000032	Креатин моногідрат	Креатин моногидрат	20		2026-03-02T00:00:00.000Z
opt-000320		char-000032	Кре-алкалайн	Кре-алкалайн	30		2026-03-02T00:00:00.000Z
opt-000321		char-000032	Три креатин малат	Три креатин малат	40		2026-03-02T00:00:00.000Z
opt-000322		char-000032	Буферний креатин	Буферный креатин	50		2026-03-02T00:00:00.000Z
opt-000323		char-000032	Креатин гідрохлорид	Креатин гидрохлорид	60		2026-03-02T00:00:00.000Z
opt-000324		char-000032	Креатин глюконат	Креатин глюконат	70		2026-03-02T00:00:00.000Z
opt-000325		char-000032	Креатин магній хелат	Креатин магний хелат	80		2026-03-02T00:00:00.000Z
opt-000326		char-000032	Креатин нітрат	Креатин нитрат	90		2026-03-02T00:00:00.000Z
opt-000327		char-000032	Креатин піруват	Креатин пируват	100		2026-03-02T00:00:00.000Z
opt-000328		char-000032	Креатин з транспортною системою	Креатин с транспортной системой	110		2026-03-02T00:00:00.000Z
opt-000329		char-000032	Креатин фосфат	Креатин фосфат	120		2026-03-02T00:00:00.000Z
opt-000330		char-000032	Креатин етил естер	Креатин этил эстер	130		2026-03-02T00:00:00.000Z
opt-000331		char-000033	Для загального відновлення	Для общего восстановления	10		2026-03-02T00:00:00.000Z
opt-000332		char-000033	Для зниження ваги	Для снижения веса	20		2026-03-02T00:00:00.000Z
opt-000333		char-000033	Для набору м'язової маси	Для набора мышечной массы	30		2026-03-02T00:00:00.000Z
opt-000334		char-000033	Антиоксиданти	Антиоксиданты	40		2026-03-02T00:00:00.000Z
opt-000335		char-000033	Для загального оздоровлення	Для общего оздоровления	50		2026-03-02T00:00:00.000Z
opt-000336		char-000033	Для ендокринної системи	Для эндокринной системы	60		2026-03-02T00:00:00.000Z
opt-000337		char-000033	Для росту м'язів	Для роста мышц	70		2026-03-02T00:00:00.000Z
opt-000338		char-000033	Для сушіння тіла	Для сушки тела	80		2026-03-02T00:00:00.000Z
opt-000339		char-000033	Для прискорення метаболізму	Для ускорения метаболизма	90		2026-03-02T00:00:00.000Z
opt-000340		char-000033	Для енергії	Для энергии	100		2026-03-02T00:00:00.000Z
opt-000341		char-000034	Комплексні жироспалювачі	Комплексные жиросжигатели	10		2026-03-02T00:00:00.000Z
opt-000342		char-000034	L-карнітин	L-карнитин	20		2026-03-02T00:00:00.000Z
opt-000343		char-000034	CLA кислота	CLA кислота	30		2026-03-02T00:00:00.000Z
opt-000344		char-000034	Термогеніки	Термогеники	40		2026-03-02T00:00:00.000Z
opt-000345		char-000034	Діуретики	Диуретики	50		2026-03-02T00:00:00.000Z
opt-000346		char-000034	Ліпотропіки	Липотропики	60		2026-03-02T00:00:00.000Z
opt-000347		char-000034	Аноректики	Аноректики	70		2026-03-02T00:00:00.000Z
opt-000348		char-000034	ALA кислота	ALA кислота	80		2026-03-02T00:00:00.000Z
opt-000349		char-000035	Бустери тестостерону	Бустеры тестостерона	10		2026-03-02T00:00:00.000Z
opt-000350		char-000035	Стимулятори гормону росту	Стимуляторы гормона роста	20		2026-03-02T00:00:00.000Z
opt-000351		char-000035	Трибулус	Трибулус	30		2026-03-02T00:00:00.000Z
opt-000352		char-000035	ZMA	ZMA	40		2026-03-02T00:00:00.000Z
opt-000353		char-000035	DHEA	DHEA	50		2026-03-02T00:00:00.000Z
opt-000354		char-000035	D-аспарагінова кислота	D-аспарагиновая кислота	60		2026-03-02T00:00:00.000Z
opt-000355		char-000035	Екдистерон	Экдистерон	70		2026-03-02T00:00:00.000Z
opt-000356		char-000035	Пажитник сінний	Пажитник сенной	80		2026-03-02T00:00:00.000Z
opt-000357		char-000035	Йохімбін гідрохлорид	Йохобмин гидрохлорид	90		2026-03-02T00:00:00.000Z
opt-000358		char-000036	Хондропротектори	Хондропротекторы	10		2026-03-02T00:00:00.000Z
opt-000359		char-000036	Колаген	Коллаген	20		2026-03-02T00:00:00.000Z
opt-000360		char-000036	Глюкозамін	Глюкозамин	30		2026-03-02T00:00:00.000Z
opt-000361		char-000036	Хондроїтин	Хондроитин	40		2026-03-02T00:00:00.000Z
opt-000362		char-000036	Метилсульфонілметан (MSM)	Метилсульфонилметан (MSM)	50		2026-03-02T00:00:00.000Z
opt-000363		char-000036	Глюкозамін-Хондроїтин	Глюкозамин-Хондроитин	60		2026-03-02T00:00:00.000Z
opt-000364		char-000036	Глюкозамін-Хондроїтин-Колаген	Глюкозамин-Хондроитин-Коллаген	70		2026-03-02T00:00:00.000Z
opt-000365		char-000036	Желатин	Желатин	80		2026-03-02T00:00:00.000Z
opt-000366		char-000036	Гіалуронова кислота	Гиалуроновая кислота	90		2026-03-02T00:00:00.000Z
opt-000367		char-000036	Акулячий хрящ	Акулий хрящ	100		2026-03-02T00:00:00.000Z
opt-000368		char-000036	Курячий хрящ	Куриный хрящ	110		2026-03-02T00:00:00.000Z
opt-000369		char-000036	Босвелія	Босвеллия	120		2026-03-02T00:00:00.000Z
opt-000370		char-000036	Куркума	Куркума	130		2026-03-02T00:00:00.000Z
opt-000371		char-000037	Вітамін A	Витамин A	10		2026-03-02T00:00:00.000Z
opt-000372		char-000037	Вітамін B	Витамин B	20		2026-03-02T00:00:00.000Z
opt-000373		char-000037	Вітамін B1	Витамин B1	30		2026-03-02T00:00:00.000Z
opt-000374		char-000037	Вітамін B2	Витамин B2	40		2026-03-02T00:00:00.000Z
opt-000375		char-000037	Вітамін B3	Витамин B3	50		2026-03-02T00:00:00.000Z
opt-000376		char-000037	Вітамін B4	Витамин B4	60		2026-03-02T00:00:00.000Z
opt-000377		char-000037	Вітамін B5	Витамин B5	70		2026-03-02T00:00:00.000Z
opt-000378		char-000037	Вітамін B6	Витамин B6	80		2026-03-02T00:00:00.000Z
opt-000379		char-000037	Вітамін B7	Витамин B7	90		2026-03-02T00:00:00.000Z
opt-000380		char-000037	Вітамін B8	Витамин B8	100		2026-03-02T00:00:00.000Z
opt-000381		char-000037	Вітамін B9	Витамин B9	110		2026-03-02T00:00:00.000Z
opt-000382		char-000037	Вітамін B10	Витамин B10	120		2026-03-02T00:00:00.000Z
opt-000383		char-000037	Вітамін B12	Витамин B12	130		2026-03-02T00:00:00.000Z
opt-000384		char-000037	Вітамін B14	Витамин B14	140		2026-03-02T00:00:00.000Z
opt-000385		char-000037	Вітамін C	Витамин C	150		2026-03-02T00:00:00.000Z
opt-000386		char-000037	Вітамін D	Витамин D	160		2026-03-02T00:00:00.000Z
opt-000387		char-000037	Вітамін E	Витамин E	170		2026-03-02T00:00:00.000Z
opt-000388		char-000037	Вітамін K	Витамин K	180		2026-03-02T00:00:00.000Z
opt-000389		char-000037	Вітамін P	Витамин P	190		2026-03-02T00:00:00.000Z
opt-000390		char-000038	Бор	Бор	10		2026-03-02T00:00:00.000Z
opt-000391		char-000038	Ванадій	Ванадий	20		2026-03-02T00:00:00.000Z
opt-000392		char-000038	Залізо	Железо	30		2026-03-02T00:00:00.000Z
opt-000393		char-000038	Йод	Йод	40		2026-03-02T00:00:00.000Z
opt-000394		char-000038	Калій	Калий	50		2026-03-02T00:00:00.000Z
opt-000395		char-000038	Кальцій	Кальций	60		2026-03-02T00:00:00.000Z
opt-000396		char-000038	Кобальт	Кобальт	70		2026-03-02T00:00:00.000Z
opt-000397		char-000038	Кремній	Кремний	80		2026-03-02T00:00:00.000Z
opt-000398		char-000038	Літій	Литий	90		2026-03-02T00:00:00.000Z
opt-000399		char-000038	Магній	Магний	100		2026-03-02T00:00:00.000Z
opt-000400		char-000038	Марганець	Марганец	110		2026-03-02T00:00:00.000Z
opt-000401		char-000038	Мідь	Медь	120		2026-03-02T00:00:00.000Z
opt-000402		char-000038	Молібден	Молибден	130		2026-03-02T00:00:00.000Z
opt-000403		char-000038	Натрій	Натрий	140		2026-03-02T00:00:00.000Z
opt-000404		char-000038	Селен	Селен	150		2026-03-02T00:00:00.000Z
opt-000405		char-000038	Фосфор	Фосфор	160		2026-03-02T00:00:00.000Z
opt-000406		char-000038	Срібло	Серебро	170		2026-03-02T00:00:00.000Z
opt-000407		char-000038	Стронцій	Стронций	180		2026-03-02T00:00:00.000Z
opt-000408		char-000038	Хлор	Хлор	190		2026-03-02T00:00:00.000Z
opt-000409		char-000038	Хром	Хром	200		2026-03-02T00:00:00.000Z
opt-000410		char-000038	Цинк	Цинк	210		2026-03-02T00:00:00.000Z
opt-000411		char-000039	Вітамінні	Витаминные	10		2026-03-02T00:00:00.000Z
opt-000412		char-000039	Мінеральні	Минеральные	20		2026-03-02T00:00:00.000Z
opt-000413		char-000039	Вітамінно-мінеральні	Витаминно-минеральные	30		2026-03-02T00:00:00.000Z
opt-000414		char-000040	Омега 3	Омега 3	10		2026-03-02T00:00:00.000Z
opt-000415		char-000040	Омега 6	Омега 6	20		2026-03-02T00:00:00.000Z
opt-000416		char-000040	Омега 7	Омега 7	30		2026-03-02T00:00:00.000Z
opt-000417		char-000040	Омега 9	Омега 9	40		2026-03-02T00:00:00.000Z
opt-000418		char-000040	Омега 3-6	Омега 3-6	50		2026-03-02T00:00:00.000Z
opt-000419		char-000040	Омега 3-6-9	Омега 3-6-9	60		2026-03-02T00:00:00.000Z
opt-000420		char-000040	Олія ослінника	Масло ослинника	70		2026-03-02T00:00:00.000Z
opt-000421		char-000040	ДГК	ДГК	80		2026-03-02T00:00:00.000Z
opt-000422		char-000041	Лляна олія	Льняное масло	10		2026-03-02T00:00:00.000Z
opt-000423		char-000041	Олія криля	Масло криля	20		2026-03-02T00:00:00.000Z
opt-000424		char-000041	Олія лосося	Масло лосося	30		2026-03-02T00:00:00.000Z
opt-000425		char-000041	Олія печінки тріски	Масло печени трески	40		2026-03-02T00:00:00.000Z
opt-000426		char-000041	Олія примули	Масло примулы	50		2026-03-02T00:00:00.000Z
opt-000427		char-000041	Олія огірочника	Масло огуречника	60		2026-03-02T00:00:00.000Z
opt-000428		char-000041	Риб'ячий жир	Рыбий жир	70		2026-03-02T00:00:00.000Z
opt-000429		char-000043	Пробіотики	Пробиотики	10		2026-03-02T00:00:00.000Z
opt-000430		char-000043	Пребіотики	Пребиотики	20		2026-03-02T00:00:00.000Z
opt-000431		char-000044	Біфідобактерії	Бифидобактерии	10		2026-03-02T00:00:00.000Z
opt-000432		char-000044	Лактобацили	Лактобациллы	20		2026-03-02T00:00:00.000Z
opt-000433		char-000044	Пропіоновокислі бактерії	Пропионовокислые бактерии	30		2026-03-02T00:00:00.000Z
opt-000434		char-000045	Арахісова паста	Арахисовая паста	10		2026-03-02T00:00:00.000Z
opt-000435		char-000045	Арахісове борошно	Арахисовая мука	20		2026-03-02T00:00:00.000Z
opt-000436		char-000045	Десерти	Десерты	30		2026-03-02T00:00:00.000Z
opt-000437		char-000045	Каші	Каши	40		2026-03-02T00:00:00.000Z
opt-000438		char-000045	Паста з кеш'ю	Кешью паста	50		2026-03-02T00:00:00.000Z
opt-000439		char-000045	Кокосова олія	Кокосовое масло	60		2026-03-02T00:00:00.000Z
opt-000440		char-000045	Коктейлі	Коктейли	70		2026-03-02T00:00:00.000Z
opt-000441		char-000045	Мигдальна паста	Миндальная паста	80		2026-03-02T00:00:00.000Z
opt-000442		char-000045	Горіхова паста	Паста ореховая	90		2026-03-02T00:00:00.000Z
opt-000443		char-000045	Соус	Соус	100		2026-03-02T00:00:00.000Z
opt-000444		char-000045	Суп	Суп	110		2026-03-02T00:00:00.000Z
opt-000445		char-000045	Хліб	Хлеб	120		2026-03-02T00:00:00.000Z
opt-000446		char-000046	Воскова кукурудза	Восковая кукуруза	10		2026-03-02T00:00:00.000Z
opt-000447		char-000046	Гречка	Гречиха	20		2026-03-02T00:00:00.000Z
opt-000448		char-000046	Глюкоза	Глюкоза	30		2026-03-02T00:00:00.000Z
opt-000449		char-000046	Декстроза	Декстроза	40		2026-03-02T00:00:00.000Z
opt-000450		char-000046	Ізомальтулоза	Изомальтулоза	50		2026-03-02T00:00:00.000Z
opt-000451		char-000046	Солодка картопля	Сладкий картофель	60		2026-03-02T00:00:00.000Z
opt-000452		char-000046	Крохмаль воскової кукурудзи	Крахмал восковой кукурузы	70		2026-03-02T00:00:00.000Z
opt-000453		char-000046	Кукурудзяний крохмаль	Кукурузный крахмал	80		2026-03-02T00:00:00.000Z
opt-000454		char-000046	Кіноа	Лебеда	90		2026-03-02T00:00:00.000Z
opt-000455		char-000046	Левулоза	Левулоза	100		2026-03-02T00:00:00.000Z
opt-000456		char-000046	Мальтодекстрин	Мальтодекстрин	110		2026-03-02T00:00:00.000Z
opt-000457		char-000046	Борошно з цільного вівса	Мука из цельнозернового овса	120		2026-03-02T00:00:00.000Z
opt-000458		char-000046	Вівсяні висівки	Овсяные отруби	130		2026-03-02T00:00:00.000Z
opt-000459		char-000046	Вівсяне борошно	Овсяная мука	140		2026-03-02T00:00:00.000Z
opt-000460		char-000046	Овес (порошок)	Овес (порошок)	150		2026-03-02T00:00:00.000Z
opt-000461		char-000046	Палатіноза	Палатиноза	160		2026-03-02T00:00:00.000Z
opt-000462		char-000046	Просо	Просо	170		2026-03-02T00:00:00.000Z
opt-000463		char-000046	Рисовий крохмаль	Рисовый крахмал	180		2026-03-02T00:00:00.000Z
opt-000464		char-000046	Сахароза	Cахароза	190		2026-03-02T00:00:00.000Z
opt-000465		char-000046	Фіберсол	Фиберсол	200		2026-03-02T00:00:00.000Z
opt-000466		char-000046	Фруктоза	Фруктоза	210		2026-03-02T00:00:00.000Z
opt-000467		char-000046	Шавлія	Шалфей	220		2026-03-02T00:00:00.000Z
opt-000468		char-000046	Ячмінний крохмаль	Ячменный крахмал	230		2026-03-02T00:00:00.000Z
opt-000469		char-000047	Протеїнові	Протеиновые	10		2026-03-02T00:00:00.000Z
opt-000470		char-000047	Вуглеводні	Углеводные	20		2026-03-02T00:00:00.000Z
opt-000471		char-000047	Протеїново-вуглеводні	Протеиново-углеводные	30		2026-03-02T00:00:00.000Z
opt-000472		char-000049	Білкові	Белковые	10		2026-03-02T00:00:00.000Z
opt-000473		char-000049	Гіпертонічні	Гипертонические	20		2026-03-02T00:00:00.000Z
opt-000474		char-000049	Гіпотонічні	Гипотонические	30		2026-03-02T00:00:00.000Z
opt-000475		char-000049	Ізотонічні	Изотонические	40		2026-03-02T00:00:00.000Z
opt-000476		char-000049	Мінерально-вітамінні	Минерально-витаминные	50		2026-03-02T00:00:00.000Z
opt-000477		char-000049	Енергетичні	Энергетические	60		2026-03-02T00:00:00.000Z
opt-000478		char-000050	Ізотоніки	Изотоники	10		2026-03-02T00:00:00.000Z
opt-000479		char-000050	Енергетики	Энергетики	20		2026-03-02T00:00:00.000Z
opt-000480		char-000051	Жерстяна банка	Жестяная банка	10		2026-03-02T00:00:00.000Z
opt-000481		char-000051	Пластикова пляшка	Пластиковая бутылка	20		2026-03-02T00:00:00.000Z
opt-000482		char-000051	Скляна пляшка	Стеклянная бутылка	30		2026-03-02T00:00:00.000Z
opt-000483		char-000051	Інша упаковка	Другая упаковка	40		2026-03-02T00:00:00.000Z
opt-000484		char-000052	Без газу	Без газа	10		2026-03-02T00:00:00.000Z
opt-000485		char-000052	Сильногазована	Сильногазированная	20		2026-03-02T00:00:00.000Z
opt-000486		char-000052	Слабогазована	Слабогазированная	30		2026-03-02T00:00:00.000Z
opt-000487		char-000053	Без солі	Без соли	10		2026-03-02T00:00:00.000Z
opt-000488		char-000053	Низькокалорійний	Низкокалорийный	20		2026-03-02T00:00:00.000Z
opt-000489		char-000056	Рукавички	Перчатки	10		2026-03-02T00:00:00.000Z
opt-000490		char-000056	Дитяча пляшка для води	Детская бутылка для воды	20		2026-03-02T00:00:00.000Z
opt-000491		char-000056	Пояси	Пояса	30		2026-03-02T00:00:00.000Z
opt-000492		char-000056	Бинти	Бинты	40		2026-03-02T00:00:00.000Z
opt-000493		char-000056	Лямки та гачки	Лямки и крюки	50		2026-03-02T00:00:00.000Z
opt-000494		char-000056	Накладки	Накладки	60		2026-03-02T00:00:00.000Z
opt-000495		char-000056	Килимки	Коврики	70		2026-03-02T00:00:00.000Z
opt-000496		char-000056	Медбол	Медбол	80		2026-03-02T00:00:00.000Z
opt-000497		char-000056	Слембол	Слембол	90		2026-03-02T00:00:00.000Z
opt-000498		char-000056	Фітбол класичний	Фитбол классический	100		2026-03-02T00:00:00.000Z
opt-000499		char-000057	Кистьовий фіксатор	Кистевой фиксатор	10		2026-03-02T00:00:00.000Z
opt-000500		char-000057	Бинти для боксу	Бинты для бокса	20		2026-03-02T00:00:00.000Z
opt-000501		char-000057	Бинти для пауерліфтингу	Бинты для пауэрлифтинга	30		2026-03-02T00:00:00.000Z
opt-000502		char-000057	Бинти-рукавички	Бинты-перчатки	40		2026-03-02T00:00:00.000Z
opt-000503		char-000057	Наколінник	Наколенник	50		2026-03-02T00:00:00.000Z
opt-000504		char-000057	Магнезія в кульках	Магнезия в шариках	60		2026-03-02T00:00:00.000Z
opt-000505		char-000057	Магнезія в порошку	Магнезия в порошке	70		2026-03-02T00:00:00.000Z
opt-000506		char-000057	Магнезія в брикеті	Магнезия в брикете	80		2026-03-02T00:00:00.000Z
opt-000507		char-000057	Магнезія рідка	Магнезия жидкая	90		2026-03-02T00:00:00.000Z
opt-000508		char-000058	Липучка	Липучка	10		2026-03-02T00:00:00.000Z
opt-000509		char-000058	Шнурівка	Шнуровка	20		2026-03-02T00:00:00.000Z
opt-000510		char-000058	Гумка	Резинка	30		2026-03-02T00:00:00.000Z
opt-000511		char-000059	Пластик	Пластик	10		2026-03-02T00:00:00.000Z
opt-000512		char-000059	Алюміній	Алюминий	20		2026-03-02T00:00:00.000Z
opt-000513		char-000059	Шкірзам	Кожзам	30		2026-03-02T00:00:00.000Z
opt-000514		char-000059	Амара	Амара	40		2026-03-02T00:00:00.000Z
opt-000515		char-000059	Замша	Замша	50		2026-03-02T00:00:00.000Z
opt-000516		char-000059	Шкіра	Кожа	60		2026-03-02T00:00:00.000Z
opt-000517		char-000059	Лайкра	Лайкра	70		2026-03-02T00:00:00.000Z
opt-000518		char-000059	Латекс	Латекс	80		2026-03-02T00:00:00.000Z
opt-000519		char-000059	Нейлон	Нейлон	90		2026-03-02T00:00:00.000Z
opt-000520		char-000059	Неопрен	Неопрен	100		2026-03-02T00:00:00.000Z
opt-000521		char-000059	Нержавіюча сталь	Нержавеющая сталь	110		2026-03-02T00:00:00.000Z
opt-000522		char-000059	Нітрильний каучук	Нитрильный каучук	120		2026-03-02T00:00:00.000Z
opt-000523		char-000059	ПВХ	Поливинилхлорид (PVC)	130		2026-03-02T00:00:00.000Z
opt-000524		char-000059	Поліестер	Полиэстер	140		2026-03-02T00:00:00.000Z
opt-000525		char-000059	Гума	Резина	150		2026-03-02T00:00:00.000Z
opt-000526		char-000059	Скло	Стекло	160		2026-03-02T00:00:00.000Z
opt-000527		char-000059	Бавовна	Хлопок	170		2026-03-02T00:00:00.000Z
opt-000528		char-000059	Еластична тканина	Эластичная ткань	180		2026-03-02T00:00:00.000Z
opt-000529		char-000059	EVA	Этиленвинилацетат (EVA)	190		2026-03-02T00:00:00.000Z
opt-000530		char-000059	Пластик + метал	Пластик + метал	200		2026-03-02T00:00:00.000Z
opt-000531		char-000061	Сітка	Сетка	10		2026-03-02T00:00:00.000Z
opt-000532		char-000061	Вінчик	Венчик	20		2026-03-02T00:00:00.000Z
opt-000533		char-000061	Контейнер-чаша	Контейнер-чаша	30		2026-03-02T00:00:00.000Z
opt-000534		char-000062	Пляшка для води	Бутылка для воды	10		2026-03-02T00:00:00.000Z
opt-000535		char-000062	Спортивна пляшка	Спортивная бутылка	20		2026-03-02T00:00:00.000Z
opt-000536		char-000062	Стакан з кришкою	Стакан с крышкой	30		2026-03-02T00:00:00.000Z
opt-000537		char-000062	Дитяча пляшка для води	Детская бутылка для воды	40		2026-03-02T00:00:00.000Z
opt-000538		char-000063	Защіпка	Защелка	10		2026-03-02T00:00:00.000Z
opt-000539		char-000063	Кришка	Крышка	20		2026-03-02T00:00:00.000Z
opt-000540		char-000063	Кнопка	Кнопка	30		2026-03-02T00:00:00.000Z
opt-000541		char-000063	Клапан-носик	Клапан-носик	40		2026-03-02T00:00:00.000Z
opt-000542		char-000063	Клапан-трубка	Клапан-трубка	50		2026-03-02T00:00:00.000Z
opt-000543		char-000063	На різьбі	На резьбе	60		2026-03-02T00:00:00.000Z
opt-000544		char-000063	Кліпса	Клипса	70		2026-03-02T00:00:00.000Z
opt-000545		char-000065	Антиковзне покриття	Антискользящее покрытие	10		2026-03-02T00:00:00.000Z
opt-000546		char-000065	Герметичні	Герметичные	20		2026-03-02T00:00:00.000Z
opt-000547		char-000065	На 7 днів	На 7 дней	30		2026-03-02T00:00:00.000Z
opt-000548		char-000065	З дільником	С делителем	40		2026-03-02T00:00:00.000Z
opt-000549		char-000065	З дозатором	С дозатором	50		2026-03-02T00:00:00.000Z
opt-000550		char-000065	З колбою	С колбой	60		2026-03-02T00:00:00.000Z
opt-000551		char-000065	З контейнером	С контейнером	70		2026-03-02T00:00:00.000Z
opt-000552		char-000065	З відсіком для фруктів	С отсеком для фруктов	80		2026-03-02T00:00:00.000Z
opt-000553		char-000065	З розпилювачем	С распылителем	90		2026-03-02T00:00:00.000Z
opt-000554		char-000065	З соковижималкою	С соковыжималкой	100		2026-03-02T00:00:00.000Z
opt-000555		char-000065	З таблетницею	С таблетницей	110		2026-03-02T00:00:00.000Z
opt-000556		char-000065	З таймером	С таймером	120		2026-03-02T00:00:00.000Z
opt-000557		char-000065	З трубочкою	С трубочкой	130		2026-03-02T00:00:00.000Z
opt-000558		char-000065	З фільтром	С фильтром	140		2026-03-02T00:00:00.000Z
opt-000559		char-000065	З щіткою для чистки	С щеткой для чистки	150		2026-03-02T00:00:00.000Z
opt-000560		char-000065	Складні	Складные	160		2026-03-02T00:00:00.000Z
opt-000561		char-000065	Зі склянкою	Со стаканом	170		2026-03-02T00:00:00.000Z
opt-000562		char-000065	Електричні	Электрические	180		2026-03-02T00:00:00.000Z
opt-000563		char-000066	14 днів	14 дней	10		2026-03-02T00:00:00.000Z
opt-000564		char-000066	14 днів на повернення/обмін	14 дней на возврат/обмен	20		2026-03-02T00:00:00.000Z
opt-000565		char-000066	1 місяць	1 месяц	30		2026-03-02T00:00:00.000Z
opt-000566		char-000066	3 місяці	3 месяца	40		2026-03-02T00:00:00.000Z
opt-000567		char-000066	6 місяців	6 месяцев	50		2026-03-02T00:00:00.000Z
opt-000568		char-000066	12 місяців	12 месяцев	60		2026-03-02T00:00:00.000Z